id,first_name,last_name,email,gender,ip_address
1,Lottie,Tompkin,ltompkin0@hatena.ne.jp,Male,158.213.96.124
2,Heath,Studde,hstudde1@pagesperso-orange.fr,Male,19.154.11.88
3,Frederic,Copestake,fcopestake2@businesswire.com,Male,22.192.2.181
4,Caldwell,Heigl,cheigl3@dion.ne.jp,Male,174.135.138.193
5,Dietrich,Hember,dhember4@twitpic.com,Male,63.119.157.219
6,Ricki,Dennert,rdennert5@weebly.com,Polygender,248.145.41.135
7,Heall,Moss,hmoss6@cisco.com,Genderfluid,144.12.195.238
8,Sascha,Linfield,slinfield7@businessinsider.com,Male,73.169.162.171
9,Paxon,Gaiter,pgaiter8@themeforest.net,Genderfluid,115.116.123.33
10,Margalit,Marqyes,mmarqyes9@wikia.com,Female,166.115.52.234
11,Ernestine,Rupel,erupela@java.com,Male,155.243.127.47
12,Meggi,Gooderick,mgooderickb@netscape.com,Female,34.38.33.124
13,Somerset,Urwen,surwenc@virginia.edu,Female,60.145.49.63
14,Syman,Sutton,ssuttond@rambler.ru,Male,66.214.176.155
15,Merrill,Edgson,medgsone@oakley.com,Female,249.73.152.39
16,Siobhan,Grolle,sgrollef@fda.gov,Female,227.100.32.135
17,Genevra,Jiri,gjirig@gov.uk,Female,102.51.195.179
18,Joceline,Lahiff,jlahiffh@ucoz.ru,Male,149.239.121.132
19,Darcey,Siret,dsireti@amazon.co.uk,Male,60.88.114.41
20,Harri,Purrier,hpurrierj@comcast.net,Male,92.197.80.139
21,Wolfie,Teresse,wteressek@hugedomains.com,Male,211.68.120.180
22,Andriette,Armstrong,aarmstrongl@marketwatch.com,Female,4.188.136.167
23,Benoite,Brompton,bbromptonm@theatlantic.com,Male,183.27.235.172
24,Nannie,Gilstin,ngilstinn@economist.com,Male,122.174.72.94
25,Merilyn,Dozdill,mdozdillo@about.me,Male,138.162.66.188
26,Gusella,How to preserve,ghowtopreservep@sciencedaily.com,Male,154.55.153.75
27,Starlene,Glassard,sglassardq@unc.edu,Female,202.195.138.1
28,Shayla,Gillino,sgillinor@answers.com,Male,204.216.18.181
29,Padraig,Ivers,piverss@archive.org,Male,37.227.57.133
30,Kareem,Louch,kloucht@paginegialle.it,Female,106.246.31.0
31,Susette,Priel,sprielu@prweb.com,Male,219.254.68.167
32,Vitoria,Normant,vnormantv@telegraph.co.uk,Female,132.156.48.179
33,Shawn,Poytress,spoytressw@ft.com,Female,247.227.238.21
34,Deina,Claque,dclaquex@linkedin.com,Female,49.177.112.244
35,Murry,Reddie,mreddiey@google.de,Female,67.122.94.120
36,Nils,Gladwish,ngladwishz@ted.com,Female,10.207.179.37
37,Stanleigh,Dumbar,sdumbar10@sitemeter.com,Female,1.60.168.193
38,Ethel,Catterick,ecatterick11@yellowpages.com,Male,115.215.106.191
39,Eamon,Keaveney,ekeaveney12@hao123.com,Male,5.62.243.165
40,Ailyn,Leap,aleap13@ning.com,Female,37.171.125.5
41,Keri,Philipp,kphilipp14@pcworld.com,Male,172.13.142.136
42,Merrel,Greenshields,mgreenshields15@umn.edu,Female,91.87.239.127
43,Welbie,Lynam,wlynam16@sakura.ne.jp,Male,179.45.194.122
44,Lisha,Saffen,lsaffen17@discuz.net,Male,2.150.18.71
45,Taber,Stockle,tstockle18@ox.ac.uk,Female,132.205.98.42
46,Eleonora,Braunton,ebraunton19@ning.com,Female,240.29.210.41
47,Clevie,Forri,cforri1a@icio.us,Female,144.235.230.39
48,Harmonia,Hindrick,hhindrick1b@netlog.com,Female,184.52.145.252
49,Nahum,Pachta,npachta1c@digg.com,Male,159.211.217.3
50,Frederik,Kennett,fkennett1d@flickr.com,Female,129.28.67.247
51,Francine,Cussen,fcussen1e@blogs.com,Female,126.52.222.38
52,Fionna,Walpole,fwalpole1f@paginegialle.it,Female,73.1.107.186
53,Ryon,Crease,rcrease1g@theglobeandmail.com,Female,140.169.204.147
54,Connie,Gelardi,cgelardi1h@shop-pro.jp,Male,235.12.10.225
55,Fay,Jeays,fjeays1i@icio.us,Female,20.232.10.146
56,Redford,Billin,rbillin1j@nih.gov,Male,60.47.44.135
57,Avie,Karpychev,akarpychev1k@amazon.com,Female,25.217.167.141
58,Becki,Povlsen,bpovlsen1l@github.io,Male,1.173.253.158
59,Egan,Ravenhill,eravenhill1m@pen.io,Polygender,131.3.91.33
60,Cynthia,Pohl,cpohl1n@tuttocitta.it,Male,83.57.118.109
61,Jeane,Arne,jarne1o@bbc.co.uk,Female,27.205.31.84
62,Nevil,Pearl,npearl1p@apache.org,Male,210.208.148.60
63,Stern,Andrzejowski,sandrzejowski1q@etsy.com,Male,112.3.134.103
64,Rochette,Buxsey,rbuxsey1r@npr.org,Male,35.34.207.22
65,Sukey,Booy,sbooy1s@elpais.com,Male,108.127.213.6
66,Verge,Dunk,vdunk1t@wufoo.com,Female,215.75.83.238
67,Mischa,Note,mnote1u@exblog.jp,Female,60.2.146.39
68,Lazar,Driffield,ldriffield1v@chron.com,Female,115.158.222.146
69,Karlen,Godain,kgodain1w@disqus.com,Female,202.244.198.243
70,Augustin,Pechold,apechold1x@ebay.com,Female,193.109.235.2
71,Carlynne,Crummie,ccrummie1y@paypal.com,Male,115.246.29.76
72,Wilmar,Searles,wsearles1z@goo.ne.jp,Female,141.224.255.83
73,Frederica,Bessom,fbessom20@51.la,Female,153.87.137.69
74,Mirabella,Gage,mgage21@ft.com,Female,142.209.170.222
75,Paulo,Sidebottom,psidebottom22@51.la,Female,20.212.217.2
76,Angelika,MacRirie,amacririe23@cocolog-nifty.com,Female,192.171.88.55
77,Madeleine,Wilkisson,mwilkisson24@symantec.com,Male,229.207.91.221
78,Darrell,Humpage,dhumpage25@ifeng.com,Female,74.88.67.19
79,Ashton,Lundy,alundy26@parallels.com,Genderqueer,4.27.164.161
80,Caro,Levermore,clevermore27@slashdot.org,Female,117.193.194.40
81,Jeane,Howell,jhowell28@kickstarter.com,Genderfluid,119.113.48.205
82,Loy,Kunath,lkunath29@paypal.com,Female,194.224.93.57
83,Nannie,Heads,nheads2a@so-net.ne.jp,Female,165.44.228.33
84,Rosabella,Epinay,repinay2b@java.com,Female,254.104.169.11
85,Britni,Kilvington,bkilvington2c@simplemachines.org,Male,240.210.148.236
86,Laurie,Buglass,lbuglass2d@boston.com,Female,33.125.65.133
87,Clementina,Laxtonne,claxtonne2e@paginegialle.it,Male,154.169.10.240
88,Brandi,Marklew,bmarklew2f@java.com,Male,53.191.217.175
89,Rafa,Duiguid,rduiguid2g@ebay.com,Male,68.242.107.197
90,Carin,Cricket,ccricket2h@japanpost.jp,Female,223.105.136.195
91,Chauncey,Meads,cmeads2i@sciencedirect.com,Male,56.199.191.118
92,Ericka,Nickols,enickols2j@economist.com,Male,144.65.133.79
93,Jacinta,Nardoni,jnardoni2k@mashable.com,Female,215.138.177.113
94,Alika,Dodman,adodman2l@blogtalkradio.com,Male,171.51.167.93
95,Hedda,O'Hingerty,hohingerty2m@de.vu,Non-binary,12.184.38.68
96,Celine,Kleehuhler,ckleehuhler2n@miitbeian.gov.cn,Male,20.19.168.45
97,Edvard,Fryett,efryett2o@cam.ac.uk,Female,24.183.250.235
98,Shandee,Gauche,sgauche2p@goodreads.com,Male,180.5.149.122
99,Fidelia,McVrone,fmcvrone2q@qq.com,Male,175.251.114.92
100,Barret,Schulken,bschulken2r@nydailynews.com,Female,7.177.100.78
101,Agathe,Hailwood,ahailwood2s@vimeo.com,Male,131.32.176.78
102,Wynnie,Lauritsen,wlauritsen2t@miibeian.gov.cn,Male,103.72.63.32
103,Jere,Guidone,jguidone2u@dailymail.co.uk,Male,242.120.117.17
104,Hilda,Kassman,hkassman2v@ucoz.ru,Female,159.168.117.12
105,Mickie,Garmons,mgarmons2w@oakley.com,Female,23.168.97.90
106,Abram,Betchley,abetchley2x@ebay.com,Male,142.51.7.123
107,Aubert,Rickword,arickword2y@ow.ly,Female,165.140.14.78
108,Cindy,Skivington,cskivington2z@slashdot.org,Female,165.96.230.169
109,Walt,Marushak,wmarushak30@ed.gov,Male,196.147.93.144
110,Dickie,Somner,dsomner31@wp.com,Female,236.17.64.16
111,Kendra,Patchett,kpatchett32@sun.com,Male,242.60.168.90
112,Alano,Browne,abrowne33@umn.edu,Female,219.213.132.112
113,Bernadine,Mathys,bmathys34@archive.org,Female,196.132.234.243
114,Marshall,Reveley,mreveley35@networksolutions.com,Female,110.47.96.24
115,Di,Soares,dsoares36@census.gov,Male,96.3.54.92
116,Ed,Janczak,ejanczak37@yellowbook.com,Male,54.88.89.201
117,Leslie,Buckbee,lbuckbee38@cbsnews.com,Female,74.61.70.119
118,Adelaida,Rollinson,arollinson39@booking.com,Male,218.252.59.200
119,Yorke,Udall,yudall3a@jiathis.com,Female,153.243.115.177
120,Matthiew,Stooders,mstooders3b@house.gov,Male,94.170.232.101
121,Nessa,Quennell,nquennell3c@europa.eu,Female,99.23.149.196
122,Charin,Tilzey,ctilzey3d@ebay.co.uk,Male,81.170.152.241
123,Christal,Emsden,cemsden3e@chicagotribune.com,Female,72.19.114.151
124,Kevan,Kollasch,kkollasch3f@google.com.br,Male,136.75.98.150
125,Mendel,Asken,masken3g@ucsd.edu,Female,119.93.37.23
126,Gualterio,Coupland,gcoupland3h@1688.com,Agender,12.234.66.150
127,Rhianna,Crayk,rcrayk3i@instagram.com,Male,247.238.196.37
128,Brear,Thurnham,bthurnham3j@noaa.gov,Male,24.249.112.217
129,Jacquie,Hendren,jhendren3k@freewebs.com,Male,31.215.36.64
130,Betsy,Lage,blage3l@apache.org,Male,209.36.112.83
131,Vaughan,Haslam,vhaslam3m@nbcnews.com,Male,93.159.20.127
132,Mikel,Greg,mgreg3n@ucoz.com,Male,118.1.240.79
133,Gertruda,Rotte,grotte3o@google.co.jp,Male,5.243.56.26
134,Kay,Flear,kflear3p@cargocollective.com,Female,3.189.52.212
135,Wendall,Mersh,wmersh3q@nationalgeographic.com,Female,3.11.53.158
136,Udell,Slater,uslater3r@google.pl,Male,138.23.18.70
137,Raf,Borne,rborne3s@yellowpages.com,Female,53.122.73.88
138,Bentley,Lile,blile3t@disqus.com,Female,89.25.241.163
139,Thornie,Pinyon,tpinyon3u@sohu.com,Female,62.48.155.170
140,Tommie,Hurkett,thurkett3v@oracle.com,Female,42.85.234.7
141,Louella,Joberne,ljoberne3w@soup.io,Male,21.73.145.132
142,Kara,Brunel,kbrunel3x@webnode.com,Female,122.113.51.9
143,Bobine,Stuehmeier,bstuehmeier3y@indiatimes.com,Female,91.195.123.240
144,Nadine,Fellnee,nfellnee3z@irs.gov,Polygender,26.1.65.220
145,Tiphani,Labbe,tlabbe40@vistaprint.com,Female,124.40.172.161
146,Giulietta,Bonicelli,gbonicelli41@whitehouse.gov,Female,20.177.184.174
147,Casper,Sivyour,csivyour42@cnn.com,Female,224.184.37.40
148,Billie,Georges,bgeorges43@lycos.com,Female,84.233.45.210
149,Louisa,Dupre,ldupre44@businessinsider.com,Male,42.26.215.145
150,Melesa,Andreotti,mandreotti45@geocities.com,Male,17.139.162.44
151,Marney,Parradice,mparradice46@deviantart.com,Female,12.113.88.191
152,Gordie,Craddy,gcraddy47@indiatimes.com,Male,202.7.36.36
153,Fawne,Petschelt,fpetschelt48@sogou.com,Male,91.200.143.238
154,Myrwyn,Hatherall,mhatherall49@linkedin.com,Female,22.203.88.52
155,Norah,Busswell,nbusswell4a@themeforest.net,Non-binary,181.194.240.75
156,Lem,Geeves,lgeeves4b@china.com.cn,Female,246.166.49.248
157,Thornie,Slayny,tslayny4c@ocn.ne.jp,Male,29.236.96.156
158,Tucky,Bridgewater,tbridgewater4d@newsvine.com,Female,149.39.16.116
159,Otho,Pendock,opendock4e@blogtalkradio.com,Male,68.45.109.217
160,Georg,Lupton,glupton4f@elpais.com,Female,238.53.175.189
161,George,Summerell,gsummerell4g@census.gov,Male,236.128.118.18
162,Florette,Straun,fstraun4h@printfriendly.com,Female,242.241.84.5
163,Mandy,Tours,mtours4i@usatoday.com,Male,24.213.30.62
164,Casey,Balke,cbalke4j@goo.ne.jp,Male,195.241.123.165
165,Aleta,Dallon,adallon4k@dropbox.com,Bigender,222.24.77.37
166,Micheil,Brouncker,mbrouncker4l@auda.org.au,Male,236.153.222.163
167,Tarrance,Astridge,tastridge4m@lulu.com,Male,149.43.193.112
168,Briano,Cringle,bcringle4n@usnews.com,Female,192.162.0.92
169,Ericka,Gonnard,egonnard4o@usnews.com,Male,99.247.73.87
170,Shawna,Espinos,sespinos4p@economist.com,Female,82.144.99.214
171,Keir,Tubritt,ktubritt4q@cbslocal.com,Genderqueer,185.130.166.197
172,Rebeka,Bewshire,rbewshire4r@engadget.com,Male,248.40.44.230
173,Camel,Lancetter,clancetter4s@amazon.com,Female,32.168.236.64
174,Conrado,Lear,clear4t@etsy.com,Male,186.135.208.5
175,Garrek,Trees,gtrees4u@mapquest.com,Male,30.59.21.68
176,Ericka,Newport,enewport4v@cdc.gov,Male,211.182.194.36
177,Fredericka,Domaschke,fdomaschke4w@sbwire.com,Female,84.105.200.78
178,Charles,Orniz,corniz4x@wikipedia.org,Female,98.101.120.239
179,Huey,Lohmeyer,hlohmeyer4y@icq.com,Male,181.216.120.102
180,Richie,Cockings,rcockings4z@prnewswire.com,Female,115.36.111.56
181,Shena,Kopta,skopta50@unblog.fr,Male,170.191.245.8
182,Trixie,Kobes,tkobes51@comsenz.com,Male,249.55.35.188
183,Elton,Sanchez,esanchez52@cbslocal.com,Female,184.63.251.71
184,Alwyn,Folkes,afolkes53@cdbaby.com,Agender,121.105.68.133
185,Edward,Philipeau,ephilipeau54@hatena.ne.jp,Female,29.29.15.171
186,Raychel,Lilion,rlilion55@cbc.ca,Female,42.75.247.194
187,Freddie,Clemente,fclemente56@gmpg.org,Female,191.132.210.170
188,Yurik,Keoghane,ykeoghane57@biglobe.ne.jp,Male,39.39.141.72
189,Edwin,Paish,epaish58@posterous.com,Male,6.223.229.229
190,Jemmy,Rutland,jrutland59@baidu.com,Female,73.86.9.59
191,Hogan,Northedge,hnorthedge5a@trellian.com,Female,168.208.120.29
192,Vale,Giurio,vgiurio5b@cbsnews.com,Female,205.225.47.73
193,Dianna,Glasspoole,dglasspoole5c@ehow.com,Male,254.198.156.71
194,Hesther,Iskower,hiskower5d@indiegogo.com,Male,55.192.192.54
195,Knox,Glaysher,kglaysher5e@dailymail.co.uk,Male,250.20.152.188
196,Brena,Ridd,bridd5f@dropbox.com,Female,171.243.134.54
197,Uta,Woodroff,uwoodroff5g@usatoday.com,Female,99.148.34.224
198,Mame,Gionettitti,mgionettitti5h@sciencedirect.com,Male,83.159.239.247
199,Anette,Lamplough,alamplough5i@miitbeian.gov.cn,Female,205.87.86.56
200,Joana,Seager,jseager5j@sourceforge.net,Female,170.27.214.1
201,Vivyan,Engledow,vengledow5k@ihg.com,Agender,13.179.62.127
202,Zenia,Kruschev,zkruschev5l@noaa.gov,Male,221.233.1.66
203,Chev,Butting,cbutting5m@xinhuanet.com,Female,73.97.115.197
204,Rebe,Blenkharn,rblenkharn5n@free.fr,Female,191.132.168.108
205,Jerald,Rickcord,jrickcord5o@umn.edu,Male,37.208.241.86
206,Jephthah,Pendergast,jpendergast5p@usa.gov,Male,8.116.133.197
207,Nellie,Bushe,nbushe5q@latimes.com,Male,148.244.188.122
208,Hayyim,Griffith,hgriffith5r@amazon.co.uk,Male,200.26.0.161
209,Saxon,Bernadon,sbernadon5s@irs.gov,Male,166.111.63.108
210,Carena,Pagel,cpagel5t@google.com.hk,Female,178.209.200.160
211,Nerte,Tomaini,ntomaini5u@dailymail.co.uk,Genderqueer,155.181.47.92
212,Parrnell,Chowne,pchowne5v@photobucket.com,Female,157.204.187.86
213,Yardley,Emmanuele,yemmanuele5w@live.com,Male,185.213.225.243
214,Addie,Brugh,abrugh5x@statcounter.com,Female,137.247.146.108
215,Lily,Ferrino,lferrino5y@wix.com,Male,33.78.56.11
216,Haroun,Dillway,hdillway5z@weather.com,Female,59.230.240.223
217,Trixie,Rigts,trigts60@edublogs.org,Male,126.177.183.74
218,Bidget,Ridgley,bridgley61@booking.com,Female,6.193.18.225
219,Steven,Luthwood,sluthwood62@networkadvertising.org,Male,98.221.124.80
220,Ermin,Andreuzzi,eandreuzzi63@a8.net,Male,212.0.158.220
221,Puff,Temlett,ptemlett64@baidu.com,Male,120.239.203.158
222,Rochell,Penketh,rpenketh65@google.com.br,Female,74.226.231.6
223,Norrie,Shrieve,nshrieve66@vistaprint.com,Male,109.1.153.199
224,Aubry,Kepe,akepe67@pen.io,Female,37.223.63.16
225,Vincent,Le Port,vleport68@blogger.com,Female,18.253.58.15
226,Kara-lynn,Rappoport,krappoport69@chicagotribune.com,Male,207.154.187.204
227,Wendel,Auston,wauston6a@list-manage.com,Male,76.240.212.145
228,Tammy,Laytham,tlaytham6b@yolasite.com,Genderqueer,79.169.217.247
229,Gilbertina,Elham,gelham6c@virginia.edu,Male,107.17.198.24
230,Drud,Ingry,dingry6d@feedburner.com,Non-binary,179.216.208.123
231,Albie,Beaudry,abeaudry6e@engadget.com,Male,173.249.91.76
232,Farr,Woodwind,fwoodwind6f@apache.org,Female,252.38.19.237
233,Stuart,McGurn,smcgurn6g@bravesites.com,Female,133.145.81.75
234,Hedwig,Leydon,hleydon6h@networksolutions.com,Male,128.144.30.117
235,Thea,Vickers,tvickers6i@shop-pro.jp,Female,19.64.238.117
236,Tallie,Eykel,teykel6j@census.gov,Male,226.159.46.96
237,Blake,Yvon,byvon6k@wp.com,Female,135.226.100.135
238,Leland,Backshell,lbackshell6l@ning.com,Male,174.44.215.83
239,Stevy,Koschek,skoschek6m@addthis.com,Female,217.212.253.143
240,Vanny,Sansam,vsansam6n@vinaora.com,Agender,50.7.150.231
241,Fleurette,McEvoy,fmcevoy6o@360.cn,Female,130.156.100.207
242,Willi,Lace,wlace6p@prlog.org,Female,222.20.172.132
243,Arabella,Creasy,acreasy6q@utexas.edu,Female,79.20.231.108
244,Dyanna,Gunney,dgunney6r@g.co,Male,123.217.44.184
245,Brenden,Dumper,bdumper6s@statcounter.com,Male,116.135.216.144
246,Chanda,Doreward,cdoreward6t@sourceforge.net,Male,173.14.106.42
247,Carlotta,Pallis,cpallis6u@ihg.com,Male,39.24.50.248
248,Win,Kniveton,wkniveton6v@uiuc.edu,Male,154.128.47.152
249,Becky,Lotze,blotze6w@scribd.com,Male,0.132.31.195
250,Ricki,Rathe,rrathe6x@icio.us,Male,119.60.172.43
251,Berkie,Folkes,bfolkes6y@moonfruit.com,Female,180.216.178.42
252,Reg,Daws,rdaws6z@sun.com,Male,22.130.131.192
253,Sarita,Tatum,statum70@mozilla.org,Female,208.229.217.141
254,Doralynn,Malarkey,dmalarkey71@oakley.com,Female,248.71.76.251
255,Edan,Overbury,eoverbury72@delicious.com,Non-binary,240.108.220.37
256,Lorilyn,Lembrick,llembrick73@discovery.com,Male,70.71.230.234
257,Ester,Manis,emanis74@tinyurl.com,Female,108.49.201.190
258,Opal,Gilbard,ogilbard75@adobe.com,Male,191.227.191.8
259,Martin,Crunkhurn,mcrunkhurn76@simplemachines.org,Female,32.16.88.126
260,Leonard,Donke,ldonke77@sphinn.com,Female,253.244.30.14
261,Berny,Leech,bleech78@godaddy.com,Male,6.141.89.116
262,Alexei,Yelden,ayelden79@friendfeed.com,Female,53.214.173.225
263,Lorrin,Boddam,lboddam7a@typepad.com,Male,222.217.8.64
264,Giffard,Radin,gradin7b@mysql.com,Female,147.161.134.235
265,Rafa,Laurencot,rlaurencot7c@noaa.gov,Male,149.108.185.122
266,Chiarra,Cleft,ccleft7d@csmonitor.com,Female,150.130.105.163
267,Lynnelle,Gillespie,lgillespie7e@utexas.edu,Female,69.103.163.38
268,Kippy,Synnot,ksynnot7f@infoseek.co.jp,Female,17.223.69.128
269,Austin,Pifford,apifford7g@ifeng.com,Female,88.109.212.74
270,Patrizio,Wolfinger,pwolfinger7h@techcrunch.com,Female,190.129.213.181
271,Brandy,Leedal,bleedal7i@parallels.com,Female,196.24.61.182
272,Mortimer,Sodo,msodo7j@usgs.gov,Female,50.34.64.166
273,Susie,Dineen,sdineen7k@paginegialle.it,Male,93.248.200.102
274,Kathlin,Kibbee,kkibbee7l@businessinsider.com,Male,75.217.67.252
275,Adelbert,Watling,awatling7m@wsj.com,Male,135.55.252.123
276,Nari,Endicott,nendicott7n@mtv.com,Male,240.171.0.152
277,Winslow,Eamer,weamer7o@ibm.com,Female,69.245.105.140
278,Garwood,Mouland,gmouland7p@pagesperso-orange.fr,Male,247.14.52.138
279,Debbie,Toping,dtoping7q@archive.org,Male,25.34.32.9
280,Pincus,McCarthy,pmccarthy7r@army.mil,Male,6.166.4.208
281,Carolyn,Christer,cchrister7s@prlog.org,Male,27.94.75.75
282,Lilian,De Benedictis,ldebenedictis7t@answers.com,Polygender,1.46.204.5
283,Ianthe,Smewin,ismewin7u@jigsy.com,Agender,248.150.33.192
284,Tobe,MacAnulty,tmacanulty7v@nationalgeographic.com,Male,118.202.102.148
285,Josephine,Brunelli,jbrunelli7w@t.co,Polygender,222.39.131.165
286,Elias,Pullan,epullan7x@domainmarket.com,Male,50.124.126.49
287,Cairistiona,Winkle,cwinkle7y@opera.com,Female,122.74.213.80
288,Desmond,Holleran,dholleran7z@furl.net,Genderqueer,84.47.171.169
289,Shanta,Tooting,stooting80@guardian.co.uk,Male,200.179.251.212
290,Foster,Dyott,fdyott81@bigcartel.com,Male,35.255.143.105
291,Laural,Broxton,lbroxton82@google.it,Genderqueer,242.222.16.19
292,Garrek,Mulder,gmulder83@epa.gov,Male,228.137.235.113
293,Fayette,Chominski,fchominski84@toplist.cz,Female,94.137.234.211
294,Felice,Pyott,fpyott85@simplemachines.org,Female,6.62.231.232
295,Idelle,Manilo,imanilo86@slideshare.net,Male,223.192.148.141
296,Britt,Spon,bspon87@businesswire.com,Male,132.146.127.219
297,Dinny,Whiteley,dwhiteley88@friendfeed.com,Male,105.222.139.244
298,Henrik,Bouchier,hbouchier89@studiopress.com,Female,187.128.74.105
299,Trista,McGettrick,tmcgettrick8a@mac.com,Male,20.193.238.41
300,Misti,Feitosa,mfeitosa8b@chron.com,Female,160.99.163.32
301,Isidro,Hansen,ihansen8c@lycos.com,Male,196.186.25.58
302,Kalindi,Garnsworthy,kgarnsworthy8d@so-net.ne.jp,Female,165.77.111.66
303,Hollis,Carnall,hcarnall8e@aol.com,Male,203.109.50.21
304,Baillie,Whitemarsh,bwhitemarsh8f@miitbeian.gov.cn,Male,243.44.107.97
305,Cathlene,Bayston,cbayston8g@tumblr.com,Male,62.168.40.123
306,Natalee,Blunsen,nblunsen8h@independent.co.uk,Female,181.1.214.223
307,Benedicta,Paulazzi,bpaulazzi8i@toplist.cz,Female,3.103.152.73
308,Tracie,Fosten,tfosten8j@sphinn.com,Male,242.85.94.73
309,Seana,Conachy,sconachy8k@vimeo.com,Male,76.8.15.112
310,Rad,Chrispin,rchrispin8l@psu.edu,Male,24.51.32.9
311,Heidie,Hedney,hhedney8m@bigcartel.com,Male,101.7.50.26
312,Flem,Fysh,ffysh8n@mediafire.com,Female,132.123.163.101
313,Lorelle,Bernardeau,lbernardeau8o@ameblo.jp,Female,59.56.193.102
314,Janna,Dmych,jdmych8p@flavors.me,Polygender,151.107.137.117
315,Nick,Worters,nworters8q@theguardian.com,Female,91.100.204.133
316,Clayton,O'Shiel,coshiel8r@moonfruit.com,Male,150.92.47.179
317,Jimmy,Gwinn,jgwinn8s@webnode.com,Male,1.115.240.188
318,Kellby,Duffell,kduffell8t@huffingtonpost.com,Male,145.118.157.67
319,Emilee,Leefe,eleefe8u@1688.com,Female,54.227.190.91
320,Gracie,Kearley,gkearley8v@cbsnews.com,Male,19.128.33.162
321,Terry,Heale,theale8w@goodreads.com,Male,124.120.127.192
322,Antonella,Dudson,adudson8x@opensource.org,Male,50.162.203.201
323,Edy,Alldread,ealldread8y@mapy.cz,Female,253.18.181.159
324,Keith,Fishleigh,kfishleigh8z@comsenz.com,Female,12.154.7.230
325,Teddie,Gumn,tgumn90@mayoclinic.com,Male,43.245.249.239
326,Beale,Grouvel,bgrouvel91@webmd.com,Male,128.75.83.218
327,Belva,Jacklings,bjacklings92@tamu.edu,Male,254.242.86.100
328,Broderick,Schwandermann,bschwandermann93@google.co.uk,Female,91.203.146.238
329,Ignacio,Braisby,ibraisby94@foxnews.com,Male,111.216.154.15
330,Darline,Slaney,dslaney95@yolasite.com,Male,67.15.238.28
331,Gardy,Flindall,gflindall96@webnode.com,Male,143.58.166.8
332,Genovera,De Mitri,gdemitri97@gnu.org,Male,48.114.112.53
333,Ferrell,Brettel,fbrettel98@ehow.com,Female,224.39.134.119
334,Willow,Cheatle,wcheatle99@sakura.ne.jp,Male,14.23.105.135
335,Chery,Imlach,cimlach9a@cpanel.net,Female,162.3.73.131
336,Dionisio,Patullo,dpatullo9b@un.org,Male,241.141.150.202
337,Kyla,Greenstead,kgreenstead9c@wiley.com,Female,44.216.143.112
338,Sabra,Bridge,sbridge9d@wisc.edu,Female,121.143.236.2
339,Koral,Fryman,kfryman9e@furl.net,Female,53.26.117.131
340,Danella,Veldens,dveldens9f@jalbum.net,Male,13.108.238.226
341,Charmian,Arni,carni9g@comsenz.com,Genderqueer,240.123.190.104
342,Darrick,Sheran,dsheran9h@alexa.com,Male,32.217.99.109
343,Chico,Southcomb,csouthcomb9i@hugedomains.com,Male,239.193.91.83
344,Tracey,Sopper,tsopper9j@fc2.com,Male,54.48.202.197
345,Irwinn,Pickaver,ipickaver9k@addthis.com,Male,120.138.118.83
346,Gare,Dadley,gdadley9l@printfriendly.com,Female,167.45.182.72
347,Wilt,Dougill,wdougill9m@unicef.org,Male,5.53.81.93
348,Onida,Jaan,ojaan9n@jalbum.net,Female,26.214.50.128
349,Happy,Errol,herrol9o@liveinternet.ru,Bigender,157.113.25.168
350,Lorna,Peter,lpeter9p@nba.com,Male,141.13.111.55
351,Cecil,Phittiplace,cphittiplace9q@prlog.org,Female,90.213.50.109
352,Madlen,Puckrin,mpuckrin9r@addthis.com,Male,168.224.124.199
353,Lily,Skone,lskone9s@meetup.com,Male,250.50.42.244
354,Malachi,Wace,mwace9t@reference.com,Male,40.190.225.155
355,Giselle,Leuchars,gleuchars9u@blogspot.com,Male,175.231.203.91
356,Phillida,Vouls,pvouls9v@cdc.gov,Female,225.52.178.74
357,Vivian,Spuner,vspuner9w@jigsy.com,Agender,106.15.109.142
358,Marlin,Potte,mpotte9x@cmu.edu,Female,177.174.200.1
359,Kailey,Harrie,kharrie9y@unicef.org,Female,245.181.178.255
360,Ellerey,Akett,eakett9z@newsvine.com,Male,189.31.186.81
361,Nisse,Mewitt,nmewitta0@cdc.gov,Female,170.148.23.83
362,Paulita,Abrahamsson,pabrahamssona1@cmu.edu,Male,46.210.184.169
363,Dore,McKyrrelly,dmckyrrellya2@google.it,Male,216.49.231.114
364,Samson,Rannigan,srannigana3@mapquest.com,Genderfluid,207.45.113.189
365,Melesa,Sainteau,msainteaua4@wix.com,Male,6.231.2.143
366,Nedi,Shepherdson,nshepherdsona5@barnesandnoble.com,Female,58.150.87.54
367,Bridie,Merwe,bmerwea6@creativecommons.org,Male,146.25.4.249
368,Culley,Dinnis,cdinnisa7@sfgate.com,Female,158.141.44.35
369,Ninon,Jarley,njarleya8@ameblo.jp,Male,204.50.224.82
370,Shoshana,Vanyushkin,svanyushkina9@linkedin.com,Female,96.43.1.59
371,Fawn,Macari,fmacariaa@de.vu,Female,195.220.92.249
372,Karee,Bergen,kbergenab@kickstarter.com,Female,155.175.202.53
373,Lalo,Swatradge,lswatradgeac@springer.com,Male,202.133.46.113
374,Vachel,Spatig,vspatigad@state.gov,Female,65.216.9.48
375,Linet,Wretham,lwrethamae@blog.com,Female,215.88.250.35
376,Misha,Eye,meyeaf@nature.com,Male,9.101.84.36
377,Corina,Yerrell,cyerrellag@shinystat.com,Male,168.36.194.237
378,Basilio,Redpath,bredpathah@vinaora.com,Female,141.18.60.63
379,Adriane,Rycraft,arycraftai@facebook.com,Female,109.88.166.190
380,Vite,Hulett,vhulettaj@wired.com,Male,166.201.112.4
381,Berne,Lagne,blagneak@ox.ac.uk,Male,161.145.9.199
382,Dniren,Palphreyman,dpalphreymanal@epa.gov,Male,160.167.16.209
383,Riva,Tuffs,rtuffsam@bing.com,Male,156.201.10.45
384,Yorke,Le Maitre,ylemaitrean@ucoz.com,Male,253.63.148.254
385,Barry,Bruhn,bbruhnao@gizmodo.com,Male,7.193.111.143
386,Kienan,Golda,kgoldaap@yahoo.com,Male,175.15.96.152
387,Shem,Leek,sleekaq@bing.com,Male,164.108.151.95
388,Geri,McKinlay,gmckinlayar@mail.ru,Female,123.70.97.6
389,Irvine,Geffinger,igeffingeras@unc.edu,Female,145.29.219.105
390,Christiano,Greer,cgreerat@wikispaces.com,Male,253.180.95.251
391,Sawyere,Haddrell,shaddrellau@cdbaby.com,Bigender,135.240.107.107
392,Gregoire,Renak,grenakav@dedecms.com,Male,42.108.198.63
393,Mycah,Joffe,mjoffeaw@domainmarket.com,Non-binary,98.99.9.128
394,Arnaldo,Bierton,abiertonax@paginegialle.it,Female,140.96.22.240
395,Randie,Fellowes,rfellowesay@google.nl,Male,107.131.184.138
396,Clyde,Sebyer,csebyeraz@ocn.ne.jp,Female,136.137.33.23
397,Bertram,MacKey,bmackeyb0@gravatar.com,Male,149.101.198.66
398,Dex,Haskur,dhaskurb1@netvibes.com,Female,0.17.212.114
399,Shelby,Buret,sburetb2@ehow.com,Female,55.15.198.150
400,Joline,Barkworth,jbarkworthb3@slate.com,Male,242.228.70.139
401,Isacco,Ardy,iardyb4@sina.com.cn,Female,132.48.25.251
402,Hugh,Burgane,hburganeb5@parallels.com,Male,125.236.136.79
403,Phyllys,Wellfare,pwellfareb6@ted.com,Bigender,212.77.229.168
404,Elsie,Prendeville,eprendevilleb7@ameblo.jp,Male,131.74.88.212
405,Arlie,Laroze,alarozeb8@miitbeian.gov.cn,Male,205.88.181.201
406,Pauly,Dunsmuir,pdunsmuirb9@usnews.com,Male,70.196.225.62
407,Coleman,Rickford,crickfordba@reverbnation.com,Male,109.221.96.30
408,Torre,Camamile,tcamamilebb@joomla.org,Female,187.4.100.57
409,Jocelyn,Fridd,jfriddbc@fastcompany.com,Female,186.179.241.198
410,Donetta,Carson,dcarsonbd@google.co.uk,Female,139.21.170.184
411,Courtney,McGaffey,cmcgaffeybe@apple.com,Female,105.70.82.43
412,Saw,Cuerdall,scuerdallbf@pinterest.com,Polygender,208.169.161.46
413,Anallese,Feld,afeldbg@artisteer.com,Male,114.48.195.127
414,Oliviero,Darmody,odarmodybh@jigsy.com,Agender,63.218.58.39
415,Daisi,Chrystal,dchrystalbi@shutterfly.com,Male,235.128.169.161
416,Catrina,Hammel,chammelbj@dyndns.org,Male,219.14.74.225
417,Giorgia,Sheard,gsheardbk@macromedia.com,Male,7.253.105.176
418,Bernardine,Bezants,bbezantsbl@altervista.org,Female,129.155.56.232
419,Erwin,Magnay,emagnaybm@hostgator.com,Female,227.117.6.249
420,Rodi,Binton,rbintonbn@sphinn.com,Male,163.0.188.236
421,Krispin,Schott,kschottbo@nba.com,Female,32.67.128.80
422,Jerald,Mora,jmorabp@apache.org,Male,5.145.98.65
423,Prudi,Hiland,philandbq@indiatimes.com,Male,130.17.180.240
424,Sheri,Heymes,sheymesbr@opensource.org,Female,40.206.250.77
425,Rosemarie,Ipsgrave,ripsgravebs@vimeo.com,Agender,211.90.169.215
426,Tobie,Sybbe,tsybbebt@blogs.com,Female,217.136.29.200
427,Chane,Lyford,clyfordbu@google.fr,Male,77.134.110.97
428,Ricki,Pechell,rpechellbv@ovh.net,Female,42.236.168.144
429,Flossie,Reicharz,freicharzbw@twitter.com,Male,97.154.240.204
430,Creighton,Gilpin,cgilpinbx@51.la,Genderfluid,229.35.62.240
431,Marj,Poland,mpolandby@house.gov,Female,34.54.94.9
432,Steffi,Roome,sroomebz@zdnet.com,Female,149.161.196.108
433,Warde,Reven,wrevenc0@google.com.au,Male,155.56.36.27
434,Gina,Ginsie,gginsiec1@storify.com,Genderfluid,248.75.204.218
435,Asa,Fairbrother,afairbrotherc2@guardian.co.uk,Female,106.141.223.149
436,Florette,MacHoste,fmachostec3@liveinternet.ru,Male,232.175.171.113
437,Valene,Hanford,vhanfordc4@google.ca,Male,155.3.136.220
438,Xenos,Gohn,xgohnc5@hp.com,Female,157.77.212.81
439,Sara-ann,Bennitt,sbennittc6@salon.com,Bigender,236.86.245.251
440,Freemon,O'Geneay,fogeneayc7@china.com.cn,Female,205.135.236.207
441,Davine,Lindwall,dlindwallc8@cargocollective.com,Female,75.15.151.129
442,Freddi,Brasier,fbrasierc9@buzzfeed.com,Female,50.174.102.232
443,Fawne,Byass,fbyassca@prnewswire.com,Non-binary,200.139.48.237
444,Conan,Stephens,cstephenscb@gov.uk,Male,153.35.112.132
445,Giana,Kerridge,gkerridgecc@washington.edu,Female,120.171.79.225
446,Glenine,Roycraft,groycraftcd@businessweek.com,Male,111.34.9.134
447,Merell,Bennellick,mbennellickce@gizmodo.com,Male,117.142.30.2
448,Niko,Khalid,nkhalidcf@addtoany.com,Female,29.145.174.69
449,Maighdiln,Stanlock,mstanlockcg@1und1.de,Male,25.32.237.254
450,Ram,O'Flaverty,roflavertych@rambler.ru,Female,114.199.23.70
451,Marty,Petters,mpettersci@gmpg.org,Male,5.39.30.63
452,Serge,Greves,sgrevescj@mtv.com,Male,245.8.8.109
453,Muriel,Holtom,mholtomck@ucoz.ru,Male,39.54.181.121
454,Marion,Coat,mcoatcl@nydailynews.com,Female,212.166.209.42
455,Stace,Clemont,sclemontcm@hostgator.com,Male,20.30.148.8
456,Sonny,Borer,sborercn@nifty.com,Male,202.131.106.152
457,Regine,Skaif,rskaifco@japanpost.jp,Male,195.13.250.131
458,Venita,Wybourne,vwybournecp@msu.edu,Male,152.41.14.144
459,Elissa,Eskriet,eeskrietcq@nature.com,Male,32.130.196.161
460,Sibyl,Dengel,sdengelcr@goodreads.com,Male,176.217.164.169
461,Klarrisa,Hamel,khamelcs@drupal.org,Male,141.239.156.211
462,Enrique,Mattam,emattamct@rediff.com,Female,235.26.202.100
463,Aaren,Docket,adocketcu@statcounter.com,Female,191.31.102.211
464,Anstice,Greener,agreenercv@scribd.com,Female,175.62.170.176
465,Kippar,Vidgeon,kvidgeoncw@discovery.com,Genderfluid,167.209.189.190
466,Kenny,Comelli,kcomellicx@unicef.org,Male,163.7.177.195
467,Malia,Cufley,mcufleycy@amazon.co.uk,Male,219.196.238.158
468,Gussy,McQuillin,gmcquillincz@hao123.com,Female,41.102.131.113
469,Clotilda,Shoulder,cshoulderd0@comcast.net,Male,191.90.83.255
470,Conway,Burkert,cburkertd1@dailymail.co.uk,Male,122.125.138.46
471,Freddy,MacIlwrick,fmacilwrickd2@delicious.com,Male,58.206.24.173
472,Minne,Henriksson,mhenrikssond3@europa.eu,Agender,117.125.9.82
473,Caren,Parratt,cparrattd4@about.me,Male,119.111.244.226
474,Vernor,Bassett,vbassettd5@cafepress.com,Male,68.151.181.97
475,Hansiain,Varfolomeev,hvarfolomeevd6@google.co.jp,Male,223.116.146.98
476,Marijn,Grayland,mgraylandd7@intel.com,Bigender,59.146.67.178
477,April,Figures,afiguresd8@bandcamp.com,Male,133.3.42.0
478,Camilla,Dumbare,cdumbared9@nsw.gov.au,Male,29.32.212.252
479,Clair,Duigenan,cduigenanda@springer.com,Female,222.254.212.224
480,Yule,Swafford,yswafforddb@delicious.com,Female,47.243.243.72
481,Kara-lynn,Kingsly,kkingslydc@privacy.gov.au,Male,247.136.149.123
482,Cesya,Enrico,cenricodd@loc.gov,Female,250.160.138.75
483,Cassey,Matczak,cmatczakde@histats.com,Agender,78.0.93.101
484,Shauna,Duiged,sduigeddf@hao123.com,Female,59.238.242.63
485,Maryjane,Ruselin,mruselindg@ovh.net,Male,135.25.80.168
486,Hayden,Cogle,hcogledh@wikimedia.org,Male,57.213.73.222
487,Ailsun,Kennard,akennarddi@theguardian.com,Female,252.121.87.39
488,Barrett,Hartegan,bhartegandj@google.com.hk,Female,125.77.133.15
489,Glen,Hellewell,ghellewelldk@pen.io,Female,219.236.6.129
490,Fianna,Gornal,fgornaldl@wikispaces.com,Male,67.108.57.231
491,Crystie,Danahar,cdanahardm@jugem.jp,Female,129.90.102.128
492,Winfield,Hintzer,whintzerdn@feedburner.com,Male,68.71.20.87
493,Lydie,Lemonnier,llemonnierdo@gov.uk,Female,122.248.144.87
494,Bab,O'Gready,bogreadydp@123-reg.co.uk,Male,57.77.216.131
495,Nessie,Malloy,nmalloydq@posterous.com,Polygender,224.120.49.227
496,Elliott,Quick,equickdr@scribd.com,Female,243.114.13.111
497,Perkin,Larvin,plarvinds@slideshare.net,Male,141.98.229.168
498,Glen,Strephan,gstrephandt@instagram.com,Female,39.196.59.209
499,Roseann,Streeton,rstreetondu@webmd.com,Female,216.128.201.189
500,Daron,Dandie,ddandiedv@netlog.com,Female,182.102.60.52
501,Nanine,Manicom,nmanicomdw@dagondesign.com,Male,24.158.238.100
502,Corey,Fetherstan,cfetherstandx@time.com,Female,159.39.17.45
503,Wynn,Fries,wfriesdy@skyrock.com,Genderqueer,199.175.248.43
504,Kassey,Butner,kbutnerdz@auda.org.au,Male,71.112.227.143
505,Cesaro,Beane,cbeanee0@sfgate.com,Female,220.105.251.208
506,Elora,Kits,ekitse1@studiopress.com,Male,89.110.148.202
507,Shelly,Pietrowski,spietrowskie2@google.pl,Male,17.66.227.120
508,Katti,Ingleson,kinglesone3@ustream.tv,Male,135.53.48.23
509,Zaria,Lomax,zlomaxe4@ustream.tv,Female,48.220.33.10
510,Hatty,Ferrotti,hferrottie5@cmu.edu,Male,91.17.200.188
511,Wendell,Pentin,wpentine6@tiny.cc,Genderqueer,170.169.40.165
512,Pincas,Mc Gaughey,pmcgaugheye7@loc.gov,Male,231.65.230.1
513,Ripley,Vallerine,rvallerinee8@e-recht24.de,Female,1.60.78.155
514,Moina,Gotthard.sf,mgotthardsfe9@dion.ne.jp,Male,65.61.71.104
515,Corrinne,Illwell,cillwellea@icq.com,Female,44.231.199.255
516,Karon,De Santos,kdesantoseb@vinaora.com,Male,10.185.125.235
517,Aland,Skocroft,askocroftec@wisc.edu,Male,241.35.51.201
518,Nada,Limeburn,nlimeburned@goo.gl,Female,166.91.29.88
519,Lazaro,Baldacchino,lbaldacchinoee@tinypic.com,Polygender,35.177.124.36
520,Moses,Greenrod,mgreenrodef@ifeng.com,Male,153.105.78.167
521,Fulvia,Potter,fpottereg@is.gd,Female,35.176.221.214
522,Mireille,Tropman,mtropmaneh@yolasite.com,Male,53.148.22.19
523,Latrina,Bratton,lbrattonei@t.co,Male,75.224.138.115
524,Reed,Cabble,rcabbleej@mozilla.com,Female,53.221.252.175
525,Phedra,Dulton,pdultonek@is.gd,Male,127.163.173.134
526,Sargent,Folkard,sfolkardel@disqus.com,Non-binary,45.190.28.181
527,Sheppard,Nash,snashem@home.pl,Female,41.152.178.0
528,Marshal,Foddy,mfoddyen@canalblog.com,Female,60.60.5.37
529,Lily,Tirkin,ltirkineo@ustream.tv,Female,39.36.223.85
530,Willie,Wilbore,wwilboreep@sfgate.com,Male,222.191.151.133
531,Fayth,Scriven,fscriveneq@timesonline.co.uk,Female,188.112.174.83
532,Rutter,Yakobowitch,ryakobowitcher@prlog.org,Female,36.20.226.79
533,Patrick,Sans,psanses@msu.edu,Polygender,89.190.116.233
534,Braden,Davydenko,bdavydenkoet@live.com,Male,43.24.85.254
535,Martha,Askaw,maskaweu@alibaba.com,Male,127.171.160.250
536,Arlie,Coule,acouleev@cocolog-nifty.com,Agender,235.88.220.141
537,Benedict,Roggers,broggersew@behance.net,Female,138.237.200.220
538,Hector,Westnedge,hwestnedgeex@icio.us,Male,80.26.251.119
539,Storm,Dungate,sdungateey@elegantthemes.com,Female,236.50.34.23
540,Cicily,Enderle,cenderleez@zimbio.com,Female,254.3.164.75
541,Neel,Somes,nsomesf0@creativecommons.org,Female,189.223.105.92
542,Phyllys,Stert,pstertf1@angelfire.com,Male,109.231.33.241
543,Elberta,Dummer,edummerf2@hugedomains.com,Female,245.79.217.249
544,Ruthy,White,rwhitef3@apache.org,Male,230.135.5.121
545,Dulce,Millis,dmillisf4@state.gov,Polygender,39.164.204.154
546,Homere,Nutley,hnutleyf5@apple.com,Female,154.214.39.172
547,Lazarus,Bradden,lbraddenf6@google.cn,Female,114.93.69.148
548,Raeann,Whates,rwhatesf7@g.co,Female,249.172.190.0
549,Raina,Scrigmour,rscrigmourf8@myspace.com,Female,89.215.40.80
550,Vale,Van Der Straaten,vvanderstraatenf9@unesco.org,Female,224.54.192.219
551,Emylee,Duncklee,edunckleefa@csmonitor.com,Female,208.212.55.187
552,Lara,Renshaw,lrenshawfb@admin.ch,Female,45.48.89.228
553,Naomi,Aguirrezabala,naguirrezabalafc@redcross.org,Male,232.81.40.221
554,Alysa,Battell,abattellfd@guardian.co.uk,Male,122.117.52.246
555,Paige,Hayes,phayesfe@csmonitor.com,Female,27.230.241.33
556,Vere,O'Mannion,vomannionff@blog.com,Male,7.176.117.190
557,Ferris,McCulloch,fmccullochfg@oracle.com,Female,72.200.62.123
558,Wain,Torrecilla,wtorrecillafh@google.com.au,Male,196.2.20.135
559,Dalton,Allsep,dallsepfi@histats.com,Male,68.130.52.188
560,Paule,Donohue,pdonohuefj@gov.uk,Genderqueer,105.24.166.200
561,Enrico,Hartopp,ehartoppfk@cocolog-nifty.com,Male,233.76.16.208
562,Britney,Ridler,bridlerfl@theguardian.com,Male,249.38.91.127
563,Jinny,Dollard,jdollardfm@telegraph.co.uk,Male,54.5.16.63
564,Sebastian,Durnall,sdurnallfn@etsy.com,Male,64.236.79.54
565,Alvinia,Poynter,apoynterfo@boston.com,Male,118.7.179.176
566,Gustie,Pontain,gpontainfp@google.co.jp,Male,200.122.109.162
567,Winne,Duferie,wduferiefq@adobe.com,Non-binary,253.134.25.70
568,Harris,Florio,hfloriofr@etsy.com,Non-binary,15.220.71.181
569,Paulie,Casseldine,pcasseldinefs@ucoz.ru,Male,84.103.117.29
570,Quint,Weald,qwealdft@dailymotion.com,Male,32.250.125.92
571,Blinnie,Bilam,bbilamfu@themeforest.net,Male,216.10.159.36
572,Aldric,Brompton,abromptonfv@adobe.com,Female,149.198.188.224
573,Cele,Dorgon,cdorgonfw@aol.com,Male,75.74.198.168
574,Sandro,Hefforde,sheffordefx@cnet.com,Female,117.119.88.30
575,Leo,Dyball,ldyballfy@reuters.com,Male,120.111.71.168
576,Viviyan,Goodship,vgoodshipfz@1688.com,Female,67.218.176.160
577,Sherm,Kleinbaum,skleinbaumg0@foxnews.com,Female,191.63.191.156
578,Staffard,Longmead,slongmeadg1@goodreads.com,Genderfluid,237.174.79.52
579,Bard,Sach,bsachg2@jimdo.com,Male,21.252.151.191
580,Janette,Osbiston,josbistong3@bing.com,Male,190.178.136.26
581,Raviv,Leadley,rleadleyg4@independent.co.uk,Female,111.141.44.8
582,Melodie,Camelli,mcamellig5@clickbank.net,Female,65.174.10.107
583,Donna,MacCroary,dmaccroaryg6@bigcartel.com,Female,81.187.126.33
584,Leandra,Georghiou,lgeorghioug7@berkeley.edu,Male,232.187.204.34
585,Brande,Cuff,bcuffg8@omniture.com,Male,23.2.64.46
586,Giacopo,Andrich,gandrichg9@canalblog.com,Male,85.62.47.3
587,Jocelyn,Capelow,jcapelowga@answers.com,Female,176.50.95.97
588,Suzanne,McKeag,smckeaggb@twitter.com,Female,147.200.225.167
589,Dyan,Norbury,dnorburygc@independent.co.uk,Agender,246.36.143.205
590,Marty,Durak,mdurakgd@quantcast.com,Male,85.194.193.113
591,Horace,Shawdforth,hshawdforthge@google.co.jp,Female,214.152.0.143
592,Gretchen,Seabrooke,gseabrookegf@foxnews.com,Male,5.214.73.246
593,Nicol,Hachard,nhachardgg@blinklist.com,Female,114.103.161.184
594,Davidde,Duerdin,dduerdingh@foxnews.com,Female,37.39.49.166
595,Oliviero,Mocher,omochergi@weather.com,Female,201.70.127.124
596,Paton,Lilley,plilleygj@nifty.com,Female,253.226.12.76
597,Chandra,Dockray,cdockraygk@fotki.com,Female,181.201.143.189
598,Mickie,Laden,mladengl@biglobe.ne.jp,Female,57.76.202.173
599,Randie,Wolfers,rwolfersgm@cnn.com,Male,47.147.188.248
600,Sybil,Larmett,slarmettgn@npr.org,Female,116.224.51.235
601,Christi,Hughson,chughsongo@pbs.org,Male,152.8.78.255
602,Yorker,Ashwin,yashwingp@twitpic.com,Female,97.178.0.16
603,Caril,Mallia,cmalliagq@1688.com,Male,115.96.27.78
604,Gib,Allden,galldengr@goodreads.com,Male,143.99.121.147
605,Ber,Copeland,bcopelandgs@multiply.com,Male,149.110.47.41
606,Blinnie,Exon,bexongt@loc.gov,Female,57.138.37.138
607,Selina,Scully,sscullygu@mediafire.com,Female,255.199.198.126
608,Hyacinth,Skamal,hskamalgv@youtube.com,Genderfluid,233.174.126.104
609,Desirae,Mecco,dmeccogw@parallels.com,Female,78.68.239.158
610,Cassaundra,Inderwick,cinderwickgx@ow.ly,Female,223.55.7.231
611,Orion,Breeder,obreedergy@quantcast.com,Male,14.148.58.245
612,Minetta,Pendock,mpendockgz@businesswire.com,Male,89.69.95.242
613,Georgeta,Gloyens,ggloyensh0@chronoengine.com,Male,63.99.31.27
614,Meta,Enefer,meneferh1@linkedin.com,Male,48.141.219.175
615,Derward,Cecchetelli,dcecchetellih2@spiegel.de,Female,200.182.208.29
616,Clarita,Warkup,cwarkuph3@nsw.gov.au,Male,84.84.16.109
617,Guendolen,Biaggi,gbiaggih4@soup.io,Agender,28.43.45.226
618,Melly,Goodenough,mgoodenoughh5@pinterest.com,Female,50.56.232.24
619,Care,Ternent,cternenth6@columbia.edu,Female,208.79.117.167
620,Ravid,Lyosik,rlyosikh7@shinystat.com,Male,175.68.17.10
621,Roseline,Skipworth,rskipworthh8@multiply.com,Non-binary,166.143.83.121
622,Donna,Rosenstock,drosenstockh9@sfgate.com,Female,65.122.127.89
623,Sibyl,Coronas,scoronasha@google.nl,Genderfluid,176.202.219.80
624,Dela,Phair,dphairhb@shutterfly.com,Male,27.33.254.143
625,Tara,Book,tbookhc@blog.com,Genderfluid,119.77.208.252
626,Eran,McGowran,emcgowranhd@ovh.net,Female,181.35.165.0
627,Robina,Margett,rmargetthe@360.cn,Male,246.57.80.69
628,Kira,Rizzi,krizzihf@imgur.com,Male,22.159.129.131
629,Norman,Raecroft,nraecrofthg@google.cn,Male,65.109.55.71
630,Ingar,Tilson,itilsonhh@bizjournals.com,Female,100.100.203.153
631,Stanislas,Thurby,sthurbyhi@dailymotion.com,Male,56.50.17.80
632,Ashton,Cromar,acromarhj@stanford.edu,Female,7.237.161.12
633,Kimball,Moneti,kmonetihk@t.co,Male,253.88.12.124
634,Tish,Barbier,tbarbierhl@i2i.jp,Female,166.134.111.246
635,Elspeth,Oxe,eoxehm@ycombinator.com,Male,198.123.83.249
636,Linell,Azemar,lazemarhn@xinhuanet.com,Female,241.59.93.88
637,Etta,Smaile,esmaileho@linkedin.com,Female,177.224.92.229
638,Karlens,Swyndley,kswyndleyhp@wunderground.com,Female,66.165.31.139
639,Chrysler,Healks,chealkshq@cornell.edu,Male,145.32.0.56
640,Dion,Hannant,dhannanthr@mashable.com,Female,150.131.194.89
641,Jeanie,Rosenschein,jrosenscheinhs@netscape.com,Male,181.225.101.171
642,Siward,Bernolet,sbernoletht@google.de,Male,144.247.218.77
643,Pepe,Erik,perikhu@youtu.be,Male,207.215.202.88
644,Holli,Yeiles,hyeileshv@go.com,Female,60.201.76.226
645,Karol,Musslewhite,kmusslewhitehw@vimeo.com,Male,241.49.74.42
646,Giavani,Cottel,gcottelhx@cnet.com,Male,20.117.125.166
647,Leonard,Havvock,lhavvockhy@surveymonkey.com,Bigender,0.138.4.65
648,Raymund,Dyzart,rdyzarthz@patch.com,Female,37.140.224.239
649,Isabeau,Fraser,ifraseri0@archive.org,Female,215.121.97.90
650,Johnath,Funnell,jfunnelli1@joomla.org,Female,201.213.186.118
651,Bert,Fronzek,bfronzeki2@samsung.com,Male,218.120.168.26
652,Glendon,Denyagin,gdenyagini3@blogger.com,Male,26.147.142.92
653,Doro,Lecky,dleckyi4@forbes.com,Male,44.4.169.32
654,Livia,Creebo,lcreeboi5@twitpic.com,Female,77.249.23.182
655,Balduin,Bartosch,bbartoschi6@epa.gov,Male,53.190.181.216
656,Curtis,Maddams,cmaddamsi7@slashdot.org,Female,64.164.90.78
657,Christie,Shepherdson,cshepherdsoni8@utexas.edu,Male,216.30.141.132
658,Farah,Mieville,fmievillei9@technorati.com,Male,38.51.176.36
659,Karon,Dixsee,kdixseeia@omniture.com,Female,0.208.21.16
660,Melli,Andrewartha,mandrewarthaib@mayoclinic.com,Female,27.166.163.10
661,Matthiew,Nannini,mnanniniic@furl.net,Female,157.79.68.207
662,Rip,Sweetmore,rsweetmoreid@google.ru,Female,249.149.199.54
663,Neysa,Dri,ndriie@amazon.com,Female,69.134.248.71
664,Cherianne,Hopkynson,chopkynsonif@craigslist.org,Female,186.154.221.32
665,Donalt,Longstreeth,dlongstreethig@ebay.com,Female,15.125.100.128
666,Verena,Willwood,vwillwoodih@marriott.com,Male,203.141.102.197
667,Georas,Grouse,ggrouseii@sourceforge.net,Female,2.15.157.40
668,Sharleen,Roscamps,sroscampsij@ihg.com,Male,184.76.237.90
669,Dollie,De Maria,ddemariaik@paginegialle.it,Male,63.157.73.222
670,Marlie,Gercken,mgerckenil@networkadvertising.org,Female,42.189.235.131
671,Ulrikaumeko,Brann,ubrannim@google.pl,Male,176.86.10.43
672,Fanya,Maeer,fmaeerin@goo.ne.jp,Male,245.241.165.93
673,Beltran,Janku,bjankuio@sourceforge.net,Female,68.245.199.125
674,Justinian,Burdess,jburdessip@netvibes.com,Male,242.75.1.204
675,Janis,Renouf,jrenoufiq@discovery.com,Male,211.18.54.6
676,Netti,Rizziello,nrizzielloir@hhs.gov,Male,49.4.33.11
677,Daryn,Beades,dbeadesis@google.ru,Male,143.86.7.249
678,Colene,Rawling,crawlingit@blogs.com,Bigender,65.127.152.82
679,Idette,Scrowston,iscrowstoniu@aol.com,Female,81.76.125.51
680,Kimball,Northcote,knorthcoteiv@deliciousdays.com,Male,244.236.170.100
681,Bobbi,Denys,bdenysiw@washingtonpost.com,Male,119.97.14.121
682,Pierette,Tilbey,ptilbeyix@networkadvertising.org,Male,83.107.242.103
683,Giacomo,Southorn,gsouthorniy@imdb.com,Female,162.21.137.199
684,Jeanie,Ingry,jingryiz@vistaprint.com,Female,251.69.134.246
685,Bellina,Yushankin,byushankinj0@dailymotion.com,Male,49.220.120.238
686,Deidre,Tzuker,dtzukerj1@hubpages.com,Female,210.201.124.4
687,Dael,Sarjeant,dsarjeantj2@reverbnation.com,Female,35.24.198.200
688,Ari,Caplis,acaplisj3@arizona.edu,Male,152.96.198.185
689,Pen,Rowlin,prowlinj4@bandcamp.com,Male,140.94.126.163
690,Katharyn,McLeish,kmcleishj5@wordpress.com,Female,135.73.74.49
691,Garald,Wandrach,gwandrachj6@phpbb.com,Male,11.31.13.217
692,Marianne,de Lloyd,mdelloydj7@cpanel.net,Male,102.234.32.4
693,Maddie,Deppen,mdeppenj8@webmd.com,Male,148.157.179.106
694,Vincenz,Nolton,vnoltonj9@sun.com,Female,117.248.241.24
695,Lonnie,De Ruggero,lderuggeroja@netscape.com,Female,116.253.10.29
696,Rhodia,Huxley,rhuxleyjb@google.pl,Female,42.148.41.136
697,Eddie,Ambroise,eambroisejc@smugmug.com,Female,19.175.221.167
698,Jemie,Saltman,jsaltmanjd@statcounter.com,Male,193.63.32.54
699,Dagmar,Coorington,dcooringtonje@macromedia.com,Male,211.126.171.235
700,Peyton,Scowcroft,pscowcroftjf@wix.com,Male,131.55.64.103
701,Ches,Ende,cendejg@4shared.com,Male,201.88.66.41
702,Britta,Netherwood,bnetherwoodjh@discuz.net,Female,140.136.241.24
703,Valaree,Jerrard,vjerrardji@google.cn,Female,243.124.19.72
704,Lauri,Slight,lslightjj@bloglines.com,Polygender,133.60.207.242
705,Urbanus,Habert,uhabertjk@flavors.me,Female,217.49.209.132
706,Danyette,Josephy,djosephyjl@merriam-webster.com,Female,80.221.187.174
707,Ardyce,Cronin,acroninjm@hp.com,Female,68.231.108.199
708,Wendell,Ducrow,wducrowjn@bloglines.com,Male,218.186.22.239
709,Merilyn,Fusco,mfuscojo@youtube.com,Female,94.126.153.234
710,Alyson,Jecks,ajecksjp@unicef.org,Female,182.102.80.40
711,Eward,Plumridege,eplumridegejq@businessweek.com,Male,200.153.206.201
712,Ambrose,Pioch,apiochjr@hubpages.com,Female,198.122.247.160
713,Tally,Guillart,tguillartjs@ucsd.edu,Non-binary,212.84.185.82
714,Tabbi,Bohje,tbohjejt@virginia.edu,Female,66.179.26.236
715,Marc,Brayfield,mbrayfieldju@omniture.com,Female,87.51.227.184
716,Arleyne,Radleigh,aradleighjv@msn.com,Female,78.33.111.42
717,Kellby,Bendle,kbendlejw@typepad.com,Male,127.199.219.5
718,Niki,Burbidge,nburbidgejx@dedecms.com,Male,148.67.189.149
719,Matthieu,Aisman,maismanjy@chicagotribune.com,Genderqueer,207.170.168.127
720,Nickolaus,Spuffard,nspuffardjz@mayoclinic.com,Female,26.206.73.39
721,Tam,Skullet,tskulletk0@about.com,Male,210.147.60.63
722,Eli,Williams,ewilliamsk1@ocn.ne.jp,Male,231.129.32.211
723,Garold,Faich,gfaichk2@dailymail.co.uk,Male,127.193.2.18
724,Paton,Brussels,pbrusselsk3@howstuffworks.com,Female,43.44.195.51
725,Leia,Maldin,lmaldink4@indiegogo.com,Male,46.219.76.124
726,Ethelbert,Attard,eattardk5@dyndns.org,Female,43.149.183.74
727,Gianina,Malter,gmalterk6@woothemes.com,Female,89.3.224.68
728,Lyda,Seefus,lseefusk7@multiply.com,Male,230.221.33.253
729,Petronilla,Huge,phugek8@discuz.net,Female,75.133.5.199
730,Clint,Teasell,cteasellk9@mediafire.com,Male,0.57.156.195
731,Amby,Bleasby,ableasbyka@vinaora.com,Female,34.203.105.189
732,Ardeen,Gauld,agauldkb@is.gd,Female,241.43.74.44
733,Adara,Dyble,adyblekc@clickbank.net,Female,115.113.217.170
734,Davon,Shillan,dshillankd@wix.com,Male,130.100.84.115
735,Stafani,Thicking,sthickingke@uiuc.edu,Female,63.172.56.247
736,Jammal,Benson,jbensonkf@discovery.com,Male,37.190.106.117
737,Brita,Shervington,bshervingtonkg@ted.com,Female,241.143.173.53
738,Livy,Ommundsen,lommundsenkh@howstuffworks.com,Female,233.234.124.201
739,Jacquie,Belison,jbelisonki@unesco.org,Male,215.108.72.39
740,Dalt,Oldall,doldallkj@uol.com.br,Female,102.48.66.15
741,Colly,Feveryear,cfeveryearkk@weibo.com,Male,116.7.55.192
742,Esra,Varnam,evarnamkl@cbsnews.com,Male,63.109.8.213
743,Laurena,Neighbour,lneighbourkm@amazon.co.jp,Female,172.95.69.108
744,Drona,Chantillon,dchantillonkn@oracle.com,Female,178.49.179.233
745,Jerrie,Lawrenson,jlawrensonko@sakura.ne.jp,Female,161.225.111.209
746,Katusha,Palk,kpalkkp@marriott.com,Male,9.187.101.28
747,Margalo,Hollyman,mhollymankq@nbcnews.com,Female,183.84.39.128
748,Marquita,Sinnock,msinnockkr@oracle.com,Male,98.30.44.229
749,Dorey,Lissandrini,dlissandriniks@ycombinator.com,Male,14.147.85.97
750,Cynthie,Meekins,cmeekinskt@qq.com,Agender,211.121.91.122
751,Barbabra,Grisley,bgrisleyku@ihg.com,Female,221.11.72.66
752,Lee,O' Donohue,lodonohuekv@apple.com,Female,33.2.165.248
753,Rici,Francescoccio,rfrancescocciokw@squidoo.com,Male,208.135.55.147
754,Marcellus,Von Gladbach,mvongladbachkx@wunderground.com,Male,49.246.174.65
755,Sammie,Lillford,slillfordky@jugem.jp,Female,220.0.147.215
756,Paco,Rivlin,privlinkz@cargocollective.com,Non-binary,232.252.210.98
757,Nicoli,Greeson,ngreesonl0@unblog.fr,Male,87.165.248.223
758,Jamil,Goodbarne,jgoodbarnel1@google.com.br,Male,194.117.160.165
759,Tonye,Rugg,truggl2@ucoz.ru,Female,29.105.8.239
760,Ellette,Barrett,ebarrettl3@vistaprint.com,Male,44.181.125.137
761,August,Burgen,aburgenl4@archive.org,Male,131.255.47.246
762,Roddy,Cowlas,rcowlasl5@independent.co.uk,Male,221.165.96.153
763,Martita,Kingaby,mkingabyl6@gmpg.org,Female,58.96.4.242
764,Dennison,Frotton,dfrottonl7@ox.ac.uk,Female,89.34.253.163
765,Nydia,Welden,nweldenl8@dagondesign.com,Male,190.15.119.125
766,Mei,Toward,mtowardl9@mit.edu,Male,95.41.45.211
767,Dicky,Kerman,dkermanla@ca.gov,Male,107.146.106.251
768,Maude,Thaxton,mthaxtonlb@wsj.com,Female,74.179.64.120
769,Patten,Beesley,pbeesleylc@toplist.cz,Male,206.199.60.35
770,Kelila,MacClay,kmacclayld@etsy.com,Female,104.67.172.15
771,Hetti,Hastilow,hhastilowle@jiathis.com,Female,30.9.171.25
772,Ibbie,Siveyer,isiveyerlf@gizmodo.com,Male,128.12.149.61
773,Webb,Hargie,whargielg@slideshare.net,Non-binary,184.179.156.249
774,Orlan,Crotty,ocrottylh@51.la,Female,243.79.211.181
775,Sile,Sisland,ssislandli@istockphoto.com,Male,169.60.47.13
776,Briana,Sidebotton,bsidebottonlj@ted.com,Agender,86.98.25.156
777,Rafaelia,Maryman,rmarymanlk@aboutads.info,Female,83.11.138.52
778,Tasha,Brailsford,tbrailsfordll@economist.com,Male,114.68.182.15
779,Jemie,Lemon,jlemonlm@mtv.com,Male,184.89.104.245
780,Garnette,Minchinden,gminchindenln@ed.gov,Male,14.107.117.221
781,Lazaro,Hands,lhandslo@un.org,Female,61.92.178.68
782,Patricio,Frankis,pfrankislp@taobao.com,Male,47.26.74.230
783,Rogers,Casbourne,rcasbournelq@google.com.au,Male,199.49.54.190
784,Lindy,Rickcord,lrickcordlr@bbb.org,Male,173.80.120.210
785,Luci,Stollsteiner,lstollsteinerls@bluehost.com,Agender,76.3.248.117
786,Maurene,Meriott,mmeriottlt@deliciousdays.com,Male,252.91.141.30
787,Erika,Kener,ekenerlu@squarespace.com,Female,57.163.182.110
788,Xever,Wrintmore,xwrintmorelv@slideshare.net,Non-binary,32.61.8.44
789,Jodie,Skade,jskadelw@google.com,Bigender,200.99.33.124
790,Quinn,Findlater,qfindlaterlx@plala.or.jp,Male,221.8.16.77
791,Clementina,Senussi,csenussily@fc2.com,Male,176.41.148.26
792,Barnabe,Marriage,bmarriagelz@zdnet.com,Female,164.190.134.214
793,Cindee,Cerith,ccerithm0@smh.com.au,Female,25.72.18.106
794,Cecilia,Bielfeld,cbielfeldm1@aol.com,Male,205.180.128.40
795,Dyann,Forten,dfortenm2@pbs.org,Male,55.59.77.90
796,Angie,Ritch,aritchm3@g.co,Female,210.130.136.87
797,Flori,Goozee,fgoozeem4@auda.org.au,Female,229.44.207.46
798,Benedetto,Yarker,byarkerm5@oaic.gov.au,Agender,211.42.107.59
799,Eldridge,Bigland,ebiglandm6@ihg.com,Male,97.22.168.34
800,Nanon,Tethcote,ntethcotem7@csmonitor.com,Male,130.188.225.138
801,Alvy,Gayle,agaylem8@nytimes.com,Male,120.0.252.233
802,Lorrie,Spurett,lspurettm9@washingtonpost.com,Male,130.145.103.95
803,Charmine,Sexty,csextyma@webnode.com,Female,208.140.130.10
804,Kit,Rivalland,krivallandmb@cdbaby.com,Female,35.107.78.214
805,Ricki,Aizikowitz,raizikowitzmc@dailymail.co.uk,Male,38.0.130.245
806,Torre,Shuttle,tshuttlemd@buzzfeed.com,Male,81.34.19.210
807,Kerby,Rabbitt,krabbittme@google.nl,Non-binary,196.155.9.209
808,Jerrine,Clorley,jclorleymf@shareasale.com,Bigender,116.191.63.171
809,Anna-diane,Henrichsen,ahenrichsenmg@sphinn.com,Female,229.93.57.125
810,Bebe,Farries,bfarriesmh@usgs.gov,Genderqueer,244.83.9.110
811,Tabbi,Gallaher,tgallahermi@google.de,Male,69.69.203.16
812,Erminia,Mowbury,emowburymj@example.com,Male,164.84.87.150
813,Stanislas,Trevarthen,strevarthenmk@sciencedaily.com,Female,175.129.68.113
814,Louisa,Philippart,lphilippartml@redcross.org,Female,159.152.199.129
815,Rina,Bamlet,rbamletmm@ning.com,Non-binary,130.149.236.129
816,Gae,Featherby,gfeatherbymn@t.co,Male,228.234.130.8
817,Anne,Kamall,akamallmo@mediafire.com,Male,143.0.245.16
818,Beulah,Hartgill,bhartgillmp@gov.uk,Male,14.94.42.210
819,Ariel,Hidderley,ahidderleymq@mapquest.com,Female,195.138.87.81
820,Richart,Ferreira,rferreiramr@hc360.com,Female,203.6.99.10
821,Gregoire,Keesman,gkeesmanms@scribd.com,Female,137.146.153.138
822,Nelle,Blewis,nblewismt@phoca.cz,Male,221.149.49.254
823,Anabal,Goldthorp,agoldthorpmu@de.vu,Female,32.33.211.27
824,Bibby,McNally,bmcnallymv@lycos.com,Female,140.34.153.62
825,Xaviera,Churly,xchurlymw@ehow.com,Male,12.146.25.16
826,Ingrid,Andrez,iandrezmx@cafepress.com,Male,56.124.205.251
827,Wesley,Angelini,wangelinimy@constantcontact.com,Female,248.214.200.243
828,Hamnet,Drydale,hdrydalemz@bloomberg.com,Bigender,184.65.167.233
829,Reinwald,Croydon,rcroydonn0@theguardian.com,Female,107.86.7.29
830,Cleo,Longstaffe,clongstaffen1@surveymonkey.com,Female,190.93.218.182
831,Jud,Fawcett,jfawcettn2@php.net,Male,127.100.207.194
832,Cherida,Daymont,cdaymontn3@prnewswire.com,Female,168.218.41.183
833,Kaleena,Stancer,kstancern4@rediff.com,Male,217.95.184.222
834,Arabela,Rickell,arickelln5@telegraph.co.uk,Female,5.116.54.157
835,Ruprecht,Sibbs,rsibbsn6@unc.edu,Male,163.90.76.249
836,Zedekiah,Grisley,zgrisleyn7@a8.net,Male,8.165.240.33
837,Wendall,Shewring,wshewringn8@bloglovin.com,Female,185.170.19.152
838,Ameline,Kirkup,akirkupn9@ocn.ne.jp,Female,163.248.95.157
839,Haley,Breming,hbremingna@cam.ac.uk,Male,77.183.251.161
840,Kaylee,Clowney,kclowneynb@live.com,Male,111.199.163.2
841,Teador,Chatterton,tchattertonnc@cnet.com,Genderfluid,149.221.207.73
842,Fritz,Artrick,fartricknd@networkadvertising.org,Male,146.248.13.81
843,Jamima,Lampl,jlamplne@jimdo.com,Male,44.241.38.224
844,Trista,Rumbelow,trumbelownf@ucoz.ru,Bigender,164.178.95.22
845,Alard,Huke,ahukeng@nytimes.com,Male,0.212.24.80
846,Ced,Castleman,ccastlemannh@state.gov,Female,185.208.80.111
847,Beryle,O'Hartagan,bohartaganni@smugmug.com,Male,36.134.118.196
848,Merrielle,Ungerechts,mungerechtsnj@blog.com,Female,165.240.126.31
849,Anthea,Besque,abesquenk@joomla.org,Male,49.1.214.118
850,Jenna,Wardell,jwardellnl@redcross.org,Female,250.210.110.248
851,Morgan,Stanmer,mstanmernm@jalbum.net,Female,132.122.95.232
852,Cathrin,Walworche,cwalworchenn@bizjournals.com,Female,240.191.198.210
853,Bidget,Giorgetti,bgiorgettino@time.com,Female,103.30.251.18
854,Karrah,Hortop,khortopnp@paginegialle.it,Male,52.84.195.71
855,Griswold,Abramovicz,gabramovicznq@google.pl,Female,203.193.180.194
856,Jackelyn,Vescovini,jvescovininr@ning.com,Male,107.58.161.149
857,Marlowe,Ainsbury,mainsburyns@123-reg.co.uk,Female,147.122.253.78
858,Durant,Corbitt,dcorbittnt@mysql.com,Female,5.35.241.81
859,Reinold,Adicot,radicotnu@guardian.co.uk,Genderqueer,221.104.14.236
860,Cedric,Jerams,cjeramsnv@berkeley.edu,Female,153.113.105.112
861,June,Gard,jgardnw@umich.edu,Male,101.81.167.175
862,Lyman,Wrotchford,lwrotchfordnx@sohu.com,Polygender,105.217.16.208
863,Clarita,Langdridge,clangdridgeny@booking.com,Polygender,0.92.7.3
864,Martino,Grunnill,mgrunnillnz@yahoo.com,Male,187.146.198.81
865,Ali,Genney,agenneyo0@ocn.ne.jp,Male,122.129.134.111
866,Dehlia,Sickamore,dsickamoreo1@dedecms.com,Male,59.171.11.97
867,Boigie,Etridge,betridgeo2@google.com,Female,155.130.21.174
868,Calvin,Whitebrook,cwhitebrooko3@theglobeandmail.com,Female,217.241.45.252
869,Ciro,Trevain,ctrevaino4@nih.gov,Female,194.167.211.93
870,Josie,Chucks,jchuckso5@4shared.com,Female,240.21.169.206
871,Erskine,Dachs,edachso6@smh.com.au,Female,190.204.184.121
872,Cletus,Larkin,clarkino7@epa.gov,Non-binary,199.17.247.137
873,Cairistiona,Snipe,csnipeo8@geocities.com,Bigender,65.234.105.93
874,Oberon,Grigor,ogrigoro9@pcworld.com,Female,93.79.67.221
875,Mavis,Giacomello,mgiacomellooa@vinaora.com,Female,120.128.25.246
876,Farrell,Cran,fcranob@so-net.ne.jp,Female,135.110.104.86
877,Inger,Cornock,icornockoc@state.gov,Male,171.131.47.224
878,Bernadene,Terren,bterrenod@ihg.com,Female,154.153.15.104
879,Brewer,Potebury,bpoteburyoe@163.com,Male,203.62.52.25
880,Dukie,Cosser,dcosserof@psu.edu,Polygender,212.85.15.129
881,Merry,Guinery,mguineryog@hexun.com,Male,151.164.69.215
882,Judon,Collins,jcollinsoh@ycombinator.com,Female,229.135.7.140
883,Winston,Kimbrough,wkimbroughoi@house.gov,Female,162.81.22.35
884,Mariel,Ranald,mranaldoj@flavors.me,Female,74.80.89.222
885,Annelise,Dallman,adallmanok@va.gov,Female,36.192.55.218
886,Elia,Spelsbury,espelsburyol@cnet.com,Female,219.66.219.43
887,Spencer,Jewess,sjewessom@google.de,Male,107.124.254.127
888,Munmro,Paylie,mpaylieon@digg.com,Male,163.233.155.85
889,Alameda,Fontenot,afontenotoo@ask.com,Male,38.243.78.229
890,Lauritz,McGaughie,lmcgaughieop@geocities.jp,Bigender,104.221.217.120
891,Sayre,Pietron,spietronoq@xing.com,Female,106.255.84.49
892,Hort,Mitrovic,hmitrovicor@yelp.com,Polygender,177.40.134.181
893,Dionis,Klemmt,dklemmtos@phpbb.com,Male,116.47.89.200
894,Hoyt,Collcott,hcollcottot@bizjournals.com,Male,10.219.133.22
895,Marthe,Warham,mwarhamou@baidu.com,Male,127.126.205.36
896,Adelle,Rozec,arozecov@cnet.com,Male,195.191.162.165
897,Gav,Charsley,gcharsleyow@slashdot.org,Female,0.221.237.63
898,Joelynn,Cleghorn,jcleghornox@github.com,Female,157.11.20.35
899,Demetre,Knoton,dknotonoy@blogspot.com,Male,185.15.39.16
900,Wainwright,Rackstraw,wrackstrawoz@sina.com.cn,Male,233.164.158.69
901,Annamaria,Cello,acellop0@dell.com,Female,39.188.176.34
902,Kienan,Clery,kcleryp1@nydailynews.com,Male,54.185.229.192
903,Clayborn,Hulland,chullandp2@google.ca,Female,229.157.210.77
904,Bethanne,Pietraszek,bpietraszekp3@histats.com,Female,197.87.234.32
905,Gilemette,Dumphrey,gdumphreyp4@tamu.edu,Male,6.176.32.6
906,Niko,Barrington,nbarringtonp5@wordpress.com,Female,150.77.162.221
907,Stesha,Osinin,sosininp6@macromedia.com,Genderfluid,162.14.51.141
908,Bobbette,Stuffins,bstuffinsp7@a8.net,Agender,195.36.182.208
909,Brenden,Hedan,bhedanp8@lulu.com,Male,54.156.20.255
910,Olga,Blakeborough,oblakeboroughp9@printfriendly.com,Male,1.172.6.54
911,Caspar,Drew,cdrewpa@sakura.ne.jp,Male,171.159.70.1
912,Pam,Kindleside,pkindlesidepb@ft.com,Genderfluid,4.129.223.69
913,Daphna,Goosnell,dgoosnellpc@zdnet.com,Female,61.87.167.22
914,Leigha,Salway,lsalwaypd@shutterfly.com,Male,240.114.73.236
915,Damara,Kolushev,dkolushevpe@g.co,Male,87.102.129.108
916,Nanete,Marchington,nmarchingtonpf@goo.gl,Female,132.24.32.236
917,Trudey,Gallemore,tgallemorepg@epa.gov,Female,65.163.146.87
918,Coral,Irlam,cirlamph@xinhuanet.com,Female,150.179.29.20
919,Mohammed,Flawith,mflawithpi@mac.com,Female,253.33.189.32
920,Corinne,Bartrap,cbartrappj@cyberchimps.com,Male,67.242.232.196
921,Joeann,Newhouse,jnewhousepk@desdev.cn,Female,75.192.233.191
922,Alanson,Soares,asoarespl@artisteer.com,Female,86.25.85.121
923,Annabell,Snaddin,asnaddinpm@spotify.com,Female,48.217.39.96
924,Libbey,Helsby,lhelsbypn@spotify.com,Male,87.34.96.255
925,Lem,Beminster,lbeminsterpo@furl.net,Female,29.151.95.238
926,Grady,Bradman,gbradmanpp@engadget.com,Agender,86.222.130.150
927,Alon,Careswell,acareswellpq@irs.gov,Female,15.173.101.93
928,Catie,Scoyne,cscoynepr@livejournal.com,Male,81.26.75.234
929,Bjorn,Vernall,bvernallps@wired.com,Female,47.20.219.180
930,Farrell,Laville,flavillept@qq.com,Male,40.20.101.70
931,Bev,Lawrinson,blawrinsonpu@ning.com,Male,231.227.101.159
932,Willi,Gilligan,wgilliganpv@smugmug.com,Male,76.129.94.187
933,Karol,Millmoe,kmillmoepw@desdev.cn,Male,6.189.60.97
934,Adler,Matessian,amatessianpx@geocities.jp,Female,79.234.164.216
935,Moina,Sturgeon,msturgeonpy@topsy.com,Male,106.119.170.111
936,Alexandre,Pettyfer,apettyferpz@alexa.com,Female,165.33.111.22
937,Helge,Snugg,hsnuggq0@oakley.com,Genderqueer,121.0.75.39
938,Bat,Tesimon,btesimonq1@earthlink.net,Male,253.177.67.190
939,Fransisco,McBeath,fmcbeathq2@unicef.org,Agender,204.15.97.47
940,Shir,Royl,sroylq3@vimeo.com,Male,190.109.122.101
941,Kelsy,Byfford,kbyffordq4@live.com,Female,147.12.106.91
942,Melonie,Durand,mdurandq5@cisco.com,Female,164.210.32.184
943,Jan,Westcott,jwestcottq6@vimeo.com,Male,181.67.35.44
944,Clevey,Bartalucci,cbartalucciq7@sina.com.cn,Male,110.99.179.196
945,Lilith,Minichillo,lminichilloq8@e-recht24.de,Male,41.130.9.243
946,Pooh,Gress,pgressq9@marriott.com,Male,26.100.168.42
947,Bobbye,Osipov,bosipovqa@pcworld.com,Male,253.123.17.248
948,Corliss,Munson,cmunsonqb@google.es,Male,29.209.46.8
949,Godfry,Jinkin,gjinkinqc@1688.com,Male,189.200.99.47
950,Stanford,Cuerda,scuerdaqd@drupal.org,Female,202.91.45.181
951,Alfie,McKinless,amckinlessqe@hhs.gov,Female,75.215.60.137
952,Mervin,De Luna,mdelunaqf@cargocollective.com,Male,185.88.133.49
953,Teodoor,Takle,ttakleqg@wikia.com,Male,235.43.95.178
954,Giorgia,Bitcheno,gbitchenoqh@spotify.com,Male,168.7.116.86
955,Sosanna,Grimm,sgrimmqi@google.es,Male,8.225.162.77
956,Rozella,Petford,rpetfordqj@timesonline.co.uk,Female,153.249.157.144
957,Foss,Carmel,fcarmelqk@bizjournals.com,Female,208.56.233.210
958,Shandy,Silwood,ssilwoodql@aboutads.info,Male,176.58.59.167
959,Katharina,Royall,kroyallqm@163.com,Male,137.68.213.36
960,Cordey,Bamlett,cbamlettqn@sfgate.com,Male,152.237.37.107
961,Freda,Filewood,ffilewoodqo@uol.com.br,Male,249.217.40.225
962,Catha,Weben,cwebenqp@chronoengine.com,Female,2.109.47.77
963,Augustine,Duckering,aduckeringqq@csmonitor.com,Male,52.127.14.45
964,Moyra,Glading,mgladingqr@tripadvisor.com,Female,187.143.197.32
965,Storm,Bruster,sbrusterqs@jigsy.com,Female,40.66.115.127
966,Anderson,Mecchi,amecchiqt@eepurl.com,Male,182.212.174.169
967,Portia,Maasz,pmaaszqu@moonfruit.com,Female,164.173.25.84
968,Kim,Trays,ktraysqv@theguardian.com,Male,178.28.237.30
969,Ives,Muncey,imunceyqw@cnet.com,Male,60.165.236.198
970,Magnum,Gutteridge,mgutteridgeqx@ucoz.com,Male,55.231.42.133
971,Cleve,Jirus,cjirusqy@scientificamerican.com,Male,13.199.129.33
972,Florance,How to preserve,fhowtopreserveqz@psu.edu,Female,236.171.219.189
973,Justin,Bruhn,jbruhnr0@forbes.com,Male,0.224.33.166
974,Donia,Brimson,dbrimsonr1@apache.org,Female,35.240.3.236
975,Alfonse,Woolforde,awoolforder2@blinklist.com,Female,4.70.115.157
976,Clerissa,Tothe,ctother3@linkedin.com,Female,8.7.211.183
977,Scarlet,Garci,sgarcir4@soup.io,Female,232.55.161.62
978,Leopold,Ayer,layerr5@clickbank.net,Male,192.250.157.9
979,Karl,Sutton,ksuttonr6@blogs.com,Female,74.147.49.156
980,Xenos,Reolfi,xreolfir7@ucsd.edu,Female,31.218.177.141
981,Waite,Eard,weardr8@craigslist.org,Male,245.184.240.73
982,Dori,Ivannikov,divannikovr9@pinterest.com,Male,133.252.36.68
983,Kelvin,Stubley,kstubleyra@studiopress.com,Female,144.110.91.194
984,Carlita,Kenzie,ckenzierb@opera.com,Female,105.239.154.71
985,Yalonda,Griswaite,ygriswaiterc@ted.com,Female,249.29.36.91
986,Louie,Petroselli,lpetrosellird@mit.edu,Male,132.141.99.159
987,Nathaniel,Lawie,nlawiere@reference.com,Female,119.149.159.29
988,Perkin,Colkett,pcolkettrf@boston.com,Female,15.194.86.140
989,Dion,Sidwell,dsidwellrg@edublogs.org,Male,239.127.106.239
990,Michail,Bollini,mbollinirh@opensource.org,Non-binary,107.34.182.164
991,Martelle,Andrewartha,mandrewarthari@google.com,Female,159.240.192.154
992,Lisle,Morston,lmorstonrj@com.com,Female,197.60.24.253
993,Tomaso,Worsom,tworsomrk@sogou.com,Male,16.35.139.233
994,Rriocard,Ewbach,rewbachrl@ca.gov,Female,23.223.76.209
995,Ellene,Buffery,ebufferyrm@geocities.jp,Male,163.54.119.128
996,Lars,Kinner,lkinnerrn@quantcast.com,Male,30.37.31.143
997,Omar,Healks,ohealksro@ft.com,Female,127.75.245.182
998,Linea,Frantzen,lfrantzenrp@goo.gl,Male,4.64.246.244
999,Priscella,Tyrer,ptyrerrq@plala.or.jp,Male,166.92.103.162
1000,Gregor,Havesides,ghavesidesrr@trellian.com,Male,96.77.5.134
